-- phpMyAdmin SQL Dump
-- version 4.9.2
-- https://www.phpmyadmin.net/
--
-- Servidor: 127.0.0.1
-- Tiempo de generación: 15-10-2022 a las 08:08:23
-- Versión del servidor: 10.4.10-MariaDB
-- Versión de PHP: 7.3.12

SET SQL_MODE = "NO_AUTO_VALUE_ON_ZERO";
SET AUTOCOMMIT = 0;
START TRANSACTION;
SET time_zone = "+00:00";


/*!40101 SET @OLD_CHARACTER_SET_CLIENT=@@CHARACTER_SET_CLIENT */;
/*!40101 SET @OLD_CHARACTER_SET_RESULTS=@@CHARACTER_SET_RESULTS */;
/*!40101 SET @OLD_COLLATION_CONNECTION=@@COLLATION_CONNECTION */;
/*!40101 SET NAMES utf8mb4 */;

--
-- Base de datos: `db_petshop`
--

-- --------------------------------------------------------

--
-- Estructura de tabla para la tabla `categoria`
--

CREATE TABLE `categoria` (
  `idcategoria` bigint(20) NOT NULL,
  `nombre` varchar(255) COLLATE utf8mb4_swedish_ci NOT NULL,
  `descripcion` text COLLATE utf8mb4_swedish_ci NOT NULL,
  `portada` varchar(100) COLLATE utf8mb4_swedish_ci NOT NULL,
  `datecreated` datetime NOT NULL DEFAULT current_timestamp(),
  `ruta` varchar(255) COLLATE utf8mb4_swedish_ci NOT NULL,
  `status` int(11) NOT NULL DEFAULT 1
) ENGINE=InnoDB DEFAULT CHARSET=utf8mb4 COLLATE=utf8mb4_swedish_ci;

--
-- Volcado de datos para la tabla `categoria`
--

INSERT INTO `categoria` (`idcategoria`, `nombre`, `descripcion`, `portada`, `datecreated`, `ruta`, `status`) VALUES
(1, 'Otras Mascota', 'Todo para tus otras mascotas', 'img_50f81ea9c3ed5c077b710753e6f53ce0.jpg', '2022-09-30 16:22:11', 'otras-mascota', 1),
(2, 'Gatos', 'Todos para tu gato', 'img_34fda69f15419d231a6bc6f3212f40fc.jpg', '2022-09-30 16:28:37', 'gatos', 1),
(3, 'Perros', 'Todo para tu perro', 'img_7fc2fe8dfa8a355f53ca5bf4a74ad663.jpg', '2022-09-30 16:29:02', 'perros', 1);

-- --------------------------------------------------------

--
-- Estructura de tabla para la tabla `detalle_pedido`
--

CREATE TABLE `detalle_pedido` (
  `id` bigint(20) NOT NULL,
  `pedidoid` bigint(20) NOT NULL,
  `productoid` bigint(20) NOT NULL,
  `precio` decimal(11,2) NOT NULL,
  `cantidad` int(11) NOT NULL
) ENGINE=InnoDB DEFAULT CHARSET=utf8mb4 COLLATE=utf8mb4_swedish_ci;

-- --------------------------------------------------------

--
-- Estructura de tabla para la tabla `detalle_temp`
--

CREATE TABLE `detalle_temp` (
  `id` bigint(20) NOT NULL,
  `personaid` bigint(20) NOT NULL,
  `productoid` bigint(20) NOT NULL,
  `precio` decimal(11,2) NOT NULL,
  `cantidad` int(11) NOT NULL,
  `transaccionid` varchar(255) COLLATE utf8mb4_swedish_ci NOT NULL
) ENGINE=InnoDB DEFAULT CHARSET=utf8mb4 COLLATE=utf8mb4_swedish_ci;

--
-- Volcado de datos para la tabla `detalle_temp`
--

INSERT INTO `detalle_temp` (`id`, `personaid`, `productoid`, `precio`, `cantidad`, `transaccionid`) VALUES
(9, 1, 10, '15.00', 4, '5s8quumvueurm8asm0sf8a88ub'),
(10, 18, 9, '23.00', 1, '5s8quumvueurm8asm0sf8a88ub'),
(11, 18, 6, '30.00', 1, '5s8quumvueurm8asm0sf8a88ub'),
(13, 19, 2, '200.00', 2, 'ujklfmmjpgnohppscotou872ra'),
(15, 20, 1, '100.00', 1, 'ujklfmmjpgnohppscotou872ra'),
(16, 21, 10, '15.00', 1, 'ujklfmmjpgnohppscotou872ra'),
(17, 1, 10, '15.00', 2, 'ujklfmmjpgnohppscotou872ra'),
(22, 1, 8, '60.00', 6, 'l5emk1fndmne2vjr17frcqokqv'),
(23, 24, 10, '15.00', 1, 'l5emk1fndmne2vjr17frcqokqv'),
(24, 25, 10, '15.00', 8, 'l5emk1fndmne2vjr17frcqokqv'),
(26, 1, 8, '60.00', 5, 'ki0b2l4jlq6hr1apeh17959s2i');

-- --------------------------------------------------------

--
-- Estructura de tabla para la tabla `imagen`
--

CREATE TABLE `imagen` (
  `id` bigint(20) NOT NULL,
  `productoid` bigint(20) NOT NULL,
  `img` varchar(100) NOT NULL
) ENGINE=InnoDB DEFAULT CHARSET=utf8mb4;

--
-- Volcado de datos para la tabla `imagen`
--

INSERT INTO `imagen` (`id`, `productoid`, `img`) VALUES
(5, 3, 'pro_d51bbbe6535ab278c528cd348082ebbc.jpg'),
(6, 2, 'pro_4aec3ea401df121ceec8f808706872bf.jpg'),
(7, 1, 'pro_90cef5b08960f262d119ce7552e3ba0d.jpg'),
(8, 3, 'pro_f760fd05949e064cdcfe5179efc35b0b.jpg'),
(9, 3, 'pro_d5d3996ed69da5ac8e7fd28bb9a33c23.jpg'),
(28, 6, 'pro_430a7080770da0279e9990a250b77574.jpg'),
(29, 6, 'pro_47033f43b7af01ccee70302287feeb4d.jpg'),
(30, 6, 'pro_f3b868303648da9cc499dece66e78044.jpg'),
(31, 5, 'pro_b8ade8c9c807e206fed067db3e9acf9c.jpg'),
(32, 5, 'pro_75af4df3e3cc43a6002af07735f200eb.jpg'),
(33, 5, 'pro_74a5a19192f4056902c5654937139d06.jpg'),
(34, 4, 'pro_69696ee5b0420c0bfd6a225282c5b450.jpg'),
(35, 4, 'pro_0d1145a90eb54315bb4695f7198eeb71.jpg'),
(36, 4, 'pro_040ef3684179ede08a6ff64aa943f394.jpg'),
(37, 8, 'pro_844a94c94fe6c52daf6878b8ea9eeaed.jpg'),
(38, 8, 'pro_f978d5e5febdb7d9231693cc7dd897b9.jpg'),
(39, 8, 'pro_18bcbac8d42752eaade1f1808e8e3aa8.jpg'),
(43, 11, 'pro_75af4df3e3cc43a6002af07735f200eb.jpg'),
(45, 10, 'pro_0be279a84706978ad68eb8919e0f4fff.jpg'),
(46, 9, 'pro_a85d661267e8f799f4f0637eb8b61d33.jpg'),
(47, 7, 'pro_8a8f100e5e314925df1ded88edc061db.jpg'),
(48, 7, 'pro_0d1145a90eb54315bb4695f7198eeb71.jpg'),
(49, 7, 'pro_44e2b2fa1b3b69caa5c6624bca222bd9.jpg'),
(50, 11, 'pro_25a33ed3a2596bcc88718aad23ffecec.jpg');

-- --------------------------------------------------------

--
-- Estructura de tabla para la tabla `modulo`
--

CREATE TABLE `modulo` (
  `idmodulo` bigint(20) NOT NULL,
  `titulo` varchar(50) COLLATE utf8mb4_swedish_ci NOT NULL,
  `descripcion` text COLLATE utf8mb4_swedish_ci NOT NULL,
  `status` int(11) NOT NULL DEFAULT 1
) ENGINE=InnoDB DEFAULT CHARSET=utf8mb4 COLLATE=utf8mb4_swedish_ci;

--
-- Volcado de datos para la tabla `modulo`
--

INSERT INTO `modulo` (`idmodulo`, `titulo`, `descripcion`, `status`) VALUES
(1, 'Dashboard', 'Dashboard', 1),
(2, 'Usuarios', 'Usuarios del sistema', 1),
(3, 'Clientes', 'Clientes de tienda', 1),
(4, 'Productos', 'Todos los productos', 1),
(5, 'Pedidos', 'Pedidos', 1),
(6, 'Caterogías', 'Caterogías Productos', 1);

-- --------------------------------------------------------

--
-- Estructura de tabla para la tabla `pedido`
--

CREATE TABLE `pedido` (
  `idpedido` bigint(20) NOT NULL,
  `referenciacobro` varchar(255) NULL,
  `idtransaccionpaypal` varchar(255) NULL,
  `datospaypal` text NULL,
  `personaid` bigint(20) NOT NULL,
  `fecha` datetime NOT NULL DEFAULT current_timestamp(),
  `costoenvio` decimal(10,2) NOT NULL DEFAULT '0.00',
  `monto` decimal(11,2) NOT NULL,
  `tipopagoid` bigint(20) NOT NULL,
  `direccionenvio` text NULL,
  `status` int(11) NOT NULL DEFAULT 1
) ENGINE=InnoDB DEFAULT CHARSET=utf8mb4 COLLATE=utf8mb4_swedish_ci;

-- --------------------------------------------------------

--
-- Estructura de tabla para la tabla `permisos`
--

CREATE TABLE `permisos` (
  `idpermiso` bigint(20) NOT NULL,
  `rolid` bigint(20) NOT NULL,
  `moduloid` bigint(20) NOT NULL,
  `r` int(11) NOT NULL DEFAULT 0,
  `w` int(11) NOT NULL DEFAULT 0,
  `u` int(11) NOT NULL DEFAULT 0,
  `d` int(11) NOT NULL DEFAULT 0
) ENGINE=InnoDB DEFAULT CHARSET=utf8mb4 COLLATE=utf8mb4_swedish_ci;

--
-- Volcado de datos para la tabla `permisos`
--

INSERT INTO `permisos` (`idpermiso`, `rolid`, `moduloid`, `r`, `w`, `u`, `d`) VALUES
(350, 2, 1, 1, 0, 0, 0),
(351, 2, 2, 1, 0, 0, 0),
(352, 2, 3, 1, 0, 0, 0),
(353, 2, 4, 1, 0, 0, 0),
(354, 2, 5, 1, 0, 0, 0),
(355, 2, 6, 1, 0, 0, 0),
(482, 1, 1, 1, 1, 1, 1),
(483, 1, 2, 1, 1, 1, 1),
(484, 1, 3, 1, 1, 1, 1),
(485, 1, 4, 1, 1, 1, 1),
(486, 1, 5, 1, 1, 1, 1),
(487, 1, 6, 1, 1, 1, 1);

-- --------------------------------------------------------

--
-- Estructura de tabla para la tabla `persona`
--

CREATE TABLE `persona` (
  `idpersona` bigint(20) NOT NULL,
  `identificacion` varchar(30) COLLATE utf8mb4_swedish_ci NOT NULL,
  `nombres` varchar(80) COLLATE utf8mb4_swedish_ci NOT NULL,
  `apellidos` varchar(100) COLLATE utf8mb4_swedish_ci NOT NULL,
  `telefono` bigint(20) NOT NULL,
  `email_user` varchar(100) COLLATE utf8mb4_swedish_ci NOT NULL,
  `password` varchar(75) COLLATE utf8mb4_swedish_ci NOT NULL,
  `nit` varchar(20) COLLATE utf8mb4_swedish_ci NOT NULL,
  `nombrefiscal` varchar(80) COLLATE utf8mb4_swedish_ci NOT NULL,
  `direccionfiscal` varchar(100) COLLATE utf8mb4_swedish_ci NOT NULL,
  `token` varchar(100) COLLATE utf8mb4_swedish_ci NOT NULL,
  `rolid` bigint(20) NOT NULL,
  `datecreated` datetime NOT NULL DEFAULT current_timestamp(),
  `status` int(11) NOT NULL DEFAULT 1
) ENGINE=InnoDB DEFAULT CHARSET=utf8mb4 COLLATE=utf8mb4_swedish_ci;

--
-- Volcado de datos para la tabla `persona`
--

INSERT INTO `persona` (`idpersona`, `identificacion`, `nombres`, `apellidos`, `telefono`, `email_user`, `password`, `nit`, `nombrefiscal`, `direccionfiscal`, `token`, `rolid`, `datecreated`, `status`) VALUES
(1, '2409198923', 'Super', 'Admin', 1234567, 'info@superadmin.com', '5994471abb01112afcc18159f6cc74b4f511b99806da59b3caf5a9c173cacfc5', '24252622', 'Super Admin', 'Lima-Per', '', 1, '2020-08-13 00:51:44', 1),
(2, '7865421565', 'Carlos', 'Hernández', 789465487, 'carlos@info.com', '8d969eef6ecad3c29a3a629280e686cf0c3f5d5a86aff3ca12020c923adc6c92', '', '', '', '', 1, '2020-08-13 00:54:08', 1),
(3, '879846545454', 'Pablo', 'Arana', 784858856, 'pablo@info.com', '8d969eef6ecad3c29a3a629280e686cf0c3f5d5a86aff3ca12020c923adc6c92', '', '', '', '', 3, '2020-08-14 01:42:34', 0),
(4, '65465465', 'Jorge David', 'Arana', 987846545, 'jorge@info.com', '8d969eef6ecad3c29a3a629280e686cf0c3f5d5a86aff3ca12020c923adc6c92', '', '', '', '', 1, '2020-08-22 00:27:17', 1),
(5, '4654654', 'Carme', 'Arana', 646545645, 'carmen@infom.com', 'be63ad947e82808780278e044bcd0267a6ac6b3cd1abdb107cc10b445a182eb0', '', '', '', '', 1, '2020-08-22 00:35:04', 1),
(6, '8465484', 'Alex Fernando', 'Méndez', 222222222, 'alex@info.com', '608cfa9ffc1dac43e8710cb23bbcf1d5215beee7ca8632c6a4a5a63a56f59aeb', '', '', '', '', 7, '2020-08-22 00:48:50', 0),
(7, '54684987', 'Francisco', 'Herrera', 6654456545, 'francisco@info.com', '8d969eef6ecad3c29a3a629280e686cf0c3f5d5a86aff3ca12020c923adc6c92', '', '', '', '', 1, '2020-08-22 01:55:57', 1),
(8, '54646849841', 'Axel', 'Vela', 654687454, 'axel@info.com', 'a5b810a3190a39033de4d82052fdf6f4c9765516d6b7eeb0c496adf8a3d3efc9', '', '', '', '', 3, '2020-09-07 01:30:52', 1),
(9, '132123132132', 'Ejemplodeupdate', 'EJemplo', 123456789, 'ejemplo@gmail.com', '5994471abb01112afcc18159f6cc74b4f511b99806da59b3caf5a9c173cacfc5', 'CF', 'EJmplo', 'Lima-Peru', '', 7, '2022-09-23 23:02:22', 0),
(10, '32232221', 'Bambuzy', 'Ellider', 123456789, 'bamburro@info.com', '5994471abb01112afcc18159f6cc74b4f511b99806da59b3caf5a9c173cacfc5', '', '', '', '', 1, '2022-09-23 23:37:42', 0),
(11, '145645646', 'Ejemplotres', 'EJemplotres', 123456789, 'ejemplo3@gmail.com', '0fb90862b0245f855e9601431a0a968ba8974da373e3511209232df7bbd3aae5', 'CD', 'Ejemplotres', 'lima-peru', '', 7, '2022-09-24 11:34:55', 1),
(12, '96305281', 'Ejemplotres', 'EJemplotres', 123456789, 'ejemplom@gmail.com', 'b69ec4e563a4c19dc6f82b2f716ef6ba89c3d4e14dff600ecc102f4102ec435a', 'CD', 'Ejemplotres', 'lima-peru', '', 7, '2022-09-24 11:35:15', 1),
(13, '9888888', 'Ocho', 'Ocho', 345687123, 'ocho@gmail.com', 'cd14926896094764982aeaea0173aba05c7abeb7d34f027f4757e44872c4d8e6', 'nueve', 'ocho', 'ocho', '', 7, '2022-09-24 11:36:35', 0),
(14, '0000000', 'Siete', 'Siete', 123498765, 'emailw@gmail.com', '509da48afea39f36ad4ff012d28685aa87e9af68e40a6fb4f4d177056f9bb343', 'hdd', 'cero', 'cero', '', 7, '2022-09-24 11:42:44', 0),
(15, '55555555', 'Siete', 'Siete', 777777888, 'siete@gmail.com', '66d657293f35410191536b10dfe71a1210543ff0fbfb3ea7bb51ba1b91841ce6', '', '', '', '', 1, '2022-09-24 11:44:25', 0),
(16, '99999999', 'Nueve', 'Nueve', 999999999, 'nueve@gmail.com', '127c3952b52b0df5b6bef889cc15632b1d5c73943254fa875cec82b430c4a973', 'nueve', 'nueve', 'nueve', '', 7, '2022-09-24 11:46:16', 0),
(17, '', 'Sergio', 'Ht', 963852741, 'pruebadecarrito@gmail.com', '5a8f4684220638bd3a459a817e3c4fa988c982d409229e7e108f519072e5164c', '', '', '', '', 7, '2022-10-11 14:51:34', 1),
(18, '', 'Pagoconcarrito', 'Pagoconcarrito', 987654321, 'carrito@gmail.com', 'd39fd34fc62cc5b3b4099ddfe287d8a32d990f496d16e395d672e34f80df681d', '', '', '', '', 7, '2022-10-11 15:27:18', 1),
(19, '', 'Sergio', 'Ht', 5645465456345, 'asdas@gmail.com', 'b365da5f69d006eaa6269f95c68ca305843e534c1ee47762951542b2ffc82a3a', '', '', '', '', 7, '2022-10-11 15:33:09', 1),
(20, '', 'Asdasd', 'Asdas', 13123123, 'adasd@gmail.com', '47756fa283b7dcf363ae29c451eeec6a1634e3c93f1acd2fea9478c6e56dc14b', '', '', '', '', 7, '2022-10-11 15:38:04', 1),
(21, '', 'Hjhjhjj', 'Hjhjh', 65457657567, 'jkjk@gmail.com', '4918864a627976364081a2dc65758bc3c1ec906bace5bcd241fe205658868eee', '', '', '', '', 7, '2022-10-11 15:39:01', 1),
(22, '1233424', 'Algo', 'Algosss', 546987458, 'dasdsa@gmail.com', '15e2b0d3c33891ebb0f1ef609ec419420c20e320ce94c65fbc8c3312448eb225', '', '', '', '', 3, '2022-10-12 00:14:57', 1),
(23, '88888888', 'Ocho', 'Ocho', 854745574, 'ocholl@gmail.com', 'a5b810a3190a39033de4d82052fdf6f4c9765516d6b7eeb0c496adf8a3d3efc9', '45454545454545', 'ocho', 'ocho', '', 7, '2022-10-12 00:16:25', 1),
(24, '', 'Lol', 'Lol', 456465645, 'lol@gmail.com', '491906f44fa5b12a891e4663353a893a37604783f101757bee46f81d6d9fa253', '', '', '', '', 7, '2022-10-12 02:32:02', 1),
(25, '', 'Xd', 'Xd', 569874456, 'xd@gmail.com', '686c75c1073846e498145bfaa61ecc712c7f33d9f669b1f6312942e85a4f83a1', '', '', '', '', 7, '2022-10-12 02:37:47', 1);

-- --------------------------------------------------------

--
-- Estructura de tabla para la tabla `producto`
--

CREATE TABLE `producto` (
  `idproducto` bigint(20) NOT NULL,
  `categoriaid` bigint(20) NOT NULL,
  `codigo` varchar(30) COLLATE utf8mb4_swedish_ci NOT NULL,
  `nombre` varchar(255) COLLATE utf8mb4_swedish_ci NOT NULL,
  `descripcion` text COLLATE utf8mb4_swedish_ci NOT NULL,
  `precio` decimal(11,2) NOT NULL,
  `stock` int(11) NOT NULL,
  `imagen` varchar(100) COLLATE utf8mb4_swedish_ci NOT NULL,
  `datecreated` datetime NOT NULL DEFAULT current_timestamp(),
  `ruta` varchar(255) COLLATE utf8mb4_swedish_ci NOT NULL,
  `status` int(11) NOT NULL DEFAULT 1
) ENGINE=InnoDB DEFAULT CHARSET=utf8mb4 COLLATE=utf8mb4_swedish_ci;

--
-- Volcado de datos para la tabla `producto`
--

INSERT INTO `producto` (`idproducto`, `categoriaid`, `codigo`, `nombre`, `descripcion`, `precio`, `stock`, `imagen`, `datecreated`, `ruta`, `status`) VALUES
(1, 1, '45645645645645', 'Producto Varios 1', '<p>Descripcion producto</p>', '100.00', 0, '', '2022-10-03 13:40:28', 'producto-varios-1', 1),
(2, 3, '45213565', 'Producto Perro 1', '<p>Producto 1</p> <ul> <li>1</li> <li>2</li> <li>3</li> </ul>', '100.00', 30, '', '2022-10-03 15:00:11', 'producto-perro-1', 1),
(3, 2, '454545659878', 'ProductoGato1', '<p>PRoducto 2</p> <ul> <li>1</li> <li>2</li> <li>3</li> </ul>', '300.00', 32, '', '2022-10-03 15:04:46', 'productogato1', 1),
(4, 3, '65656565656', 'CANBO Cordero Cachorros Mediano y Grande', '<p>15 kg</p>', '20.00', 30, '', '2022-10-06 22:49:41', 'canbo-cordero-cachorros-mediano-y-grande', 1),
(5, 3, '45454545474', 'CANBO Cordero Adulto Mediano y Grande', '<p>SuperPremiun Cordero/Adulto</p> <p>SuperPremiun Cordero/Lamb</p> <p>Razas Medians y grande</p> <p>Medium and Large Breeds</p> <p>15KG</p>', '30.00', 32, '', '2022-10-06 22:53:07', 'canbo-cordero-adulto-mediano-y-grande', 1),
(6, 3, '23232323232', 'CANBO Cordero Cachorros Pequeños', '<p>Super Premiun Cordero/Adulto</p> <p>Super Premiun Cordero/Lamb</p> <p>Cachorro/puppy</p> <p>Razas Peque&ntilde;as/Small Breeds</p> <p>7 kg</p>', '30.00', 36, '', '2022-10-06 22:55:58', 'canbo-cordero-cachorros-pequenos', 1),
(7, 3, '32356454545', 'CANBO Codero Adulto Pequeño', '<p>SuperPremiun Cordero Adulto</p> <p>SuperPremiun Codero/Lamb</p> <p>Razas Peque&ntilde;as/Small Breeds</p> <p>7 Kg</p>', '60.00', 30, '', '2022-10-06 22:58:33', 'canbo-codero-adulto-pequeno', 1),
(8, 2, '12121212312', 'CANBO Comida Para Gatos Adultos', '<p>Urinary Health</p> <p>7 Kg</p>', '60.00', 30, '', '2022-10-06 23:00:37', 'canbo-comida-para-gatos-adultos', 1),
(9, 3, '63656565656', 'CANBO Galletas', '<p>CANBO Galletas para perros- cordero</p> <p>200 gr</p>', '23.00', 60, '', '2022-10-10 19:25:27', 'canbo-galletas', 1),
(10, 3, '31243423423', 'Pelota con luces para perro', '<p>Pelota con luces para perro</p>', '15.00', 30, '', '2022-10-10 19:26:42', 'pelota-con-luces-para-perro', 1),
(11, 3, '44556576776', 'Salchicha de plastico', '<p>Juguete de plastico con forma de salchicha para perros</p>', '35.00', 65, '', '2022-10-10 19:27:34', 'salchicha-de-plastico', 1);

-- --------------------------------------------------------

--
-- Estructura de tabla para la tabla `rol`
--

CREATE TABLE `rol` (
  `idrol` bigint(20) NOT NULL,
  `nombrerol` varchar(50) COLLATE utf8mb4_swedish_ci NOT NULL,
  `descripcion` text COLLATE utf8mb4_swedish_ci NOT NULL,
  `status` int(11) NOT NULL DEFAULT 1
) ENGINE=InnoDB DEFAULT CHARSET=utf8mb4 COLLATE=utf8mb4_swedish_ci;

--
-- Volcado de datos para la tabla `rol`
--

INSERT INTO `rol` (`idrol`, `nombrerol`, `descripcion`, `status`) VALUES
(1, 'Administrador', 'Acceso a todo el sistema', 1),
(2, 'Supervisores', 'Supervisor de tienda', 1),
(3, 'Vendedores', 'Acceso a módulo ventas', 1),
(4, 'Servicio al cliente', 'Servicio al cliente sistema', 1),
(5, 'Bodega', 'Bodega', 0),
(6, 'Resporteria', 'Resporteria Sistema', 0),
(7, 'Cliente', 'Clientes tienda', 1),
(8, 'Ejemplo rol', 'Ejemplo rol sistema', 0),
(9, 'Coordinador', 'Coordinador', 1),
(10, 'Consulta Ventas', 'Consulta Ventas', 1),
(11, 'ROl de ejemplo', 'ROl de ejemplo', 0);

-- --------------------------------------------------------

--
-- Estructura de tabla para la tabla `tipopago`
--

CREATE TABLE `tipopago` (
  `idtipopago` bigint(20) NOT NULL,
  `tipopago` varchar(100) COLLATE utf8mb4_swedish_ci NOT NULL,
  `status` int(11) NOT NULL DEFAULT 1
) ENGINE=InnoDB DEFAULT CHARSET=utf8mb4 COLLATE=utf8mb4_swedish_ci;

--
-- Volcado de datos para la tabla `tipopago`
--

INSERT INTO `tipopago` (`idtipopago`, `tipopago`, `status`) VALUES
(1, 'Paypal', 1),
(2, 'Tarjeta', 1),
(5, 'Efectivo', 1),
(6, 'Contra Entrega', 1);

--
-- Índices para tablas volcadas
--

--
-- Indices de la tabla `categoria`
--
ALTER TABLE `categoria`
  ADD PRIMARY KEY (`idcategoria`);

--
-- Indices de la tabla `detalle_pedido`
--
ALTER TABLE `detalle_pedido`
  ADD PRIMARY KEY (`id`),
  ADD KEY `pedidoid` (`pedidoid`),
  ADD KEY `productoid` (`productoid`);

--
-- Indices de la tabla `detalle_temp`
--
ALTER TABLE `detalle_temp`
  ADD PRIMARY KEY (`id`),
  ADD KEY `productoid` (`productoid`),
  ADD KEY `personaid` (`personaid`);

--
-- Indices de la tabla `imagen`
--
ALTER TABLE `imagen`
  ADD PRIMARY KEY (`id`),
  ADD KEY `productoid` (`productoid`);

--
-- Indices de la tabla `modulo`
--
ALTER TABLE `modulo`
  ADD PRIMARY KEY (`idmodulo`);

--
-- Indices de la tabla `pedido`
--
ALTER TABLE `pedido`
  ADD PRIMARY KEY (`idpedido`),
  ADD KEY `personaid` (`personaid`),
  ADD KEY `tipopagoid` (`tipopagoid`);

--
-- Indices de la tabla `permisos`
--
ALTER TABLE `permisos`
  ADD PRIMARY KEY (`idpermiso`),
  ADD KEY `rolid` (`rolid`),
  ADD KEY `moduloid` (`moduloid`);

--
-- Indices de la tabla `persona`
--
ALTER TABLE `persona`
  ADD PRIMARY KEY (`idpersona`),
  ADD KEY `rolid` (`rolid`);

--
-- Indices de la tabla `producto`
--
ALTER TABLE `producto`
  ADD PRIMARY KEY (`idproducto`),
  ADD KEY `categoriaid` (`categoriaid`);

--
-- Indices de la tabla `rol`
--
ALTER TABLE `rol`
  ADD PRIMARY KEY (`idrol`);

--
-- Indices de la tabla `tipopago`
--
ALTER TABLE `tipopago`
  ADD PRIMARY KEY (`idtipopago`);

--
-- AUTO_INCREMENT de las tablas volcadas
--

--
-- AUTO_INCREMENT de la tabla `categoria`
--
ALTER TABLE `categoria`
  MODIFY `idcategoria` bigint(20) NOT NULL AUTO_INCREMENT, AUTO_INCREMENT=4;

--
-- AUTO_INCREMENT de la tabla `detalle_pedido`
--
ALTER TABLE `detalle_pedido`
  MODIFY `id` bigint(20) NOT NULL AUTO_INCREMENT;

--
-- AUTO_INCREMENT de la tabla `detalle_temp`
--
ALTER TABLE `detalle_temp`
  MODIFY `id` bigint(20) NOT NULL AUTO_INCREMENT, AUTO_INCREMENT=27;

--
-- AUTO_INCREMENT de la tabla `imagen`
--
ALTER TABLE `imagen`
  MODIFY `id` bigint(20) NOT NULL AUTO_INCREMENT, AUTO_INCREMENT=51;

--
-- AUTO_INCREMENT de la tabla `modulo`
--
ALTER TABLE `modulo`
  MODIFY `idmodulo` bigint(20) NOT NULL AUTO_INCREMENT, AUTO_INCREMENT=7;

--
-- AUTO_INCREMENT de la tabla `pedido`
--
ALTER TABLE `pedido`
  MODIFY `idpedido` bigint(20) NOT NULL AUTO_INCREMENT;

--
-- AUTO_INCREMENT de la tabla `permisos`
--
ALTER TABLE `permisos`
  MODIFY `idpermiso` bigint(20) NOT NULL AUTO_INCREMENT, AUTO_INCREMENT=488;

--
-- AUTO_INCREMENT de la tabla `persona`
--
ALTER TABLE `persona`
  MODIFY `idpersona` bigint(20) NOT NULL AUTO_INCREMENT, AUTO_INCREMENT=26;

--
-- AUTO_INCREMENT de la tabla `producto`
--
ALTER TABLE `producto`
  MODIFY `idproducto` bigint(20) NOT NULL AUTO_INCREMENT, AUTO_INCREMENT=12;

--
-- AUTO_INCREMENT de la tabla `rol`
--
ALTER TABLE `rol`
  MODIFY `idrol` bigint(20) NOT NULL AUTO_INCREMENT, AUTO_INCREMENT=12;

--
-- AUTO_INCREMENT de la tabla `tipopago`
--
ALTER TABLE `tipopago`
  MODIFY `idtipopago` bigint(20) NOT NULL AUTO_INCREMENT, AUTO_INCREMENT=7;

--
-- Restricciones para tablas volcadas
--

--
-- Filtros para la tabla `detalle_pedido`
--
ALTER TABLE `detalle_pedido`
  ADD CONSTRAINT `detalle_pedido_ibfk_1` FOREIGN KEY (`pedidoid`) REFERENCES `pedido` (`idpedido`) ON DELETE CASCADE ON UPDATE CASCADE,
  ADD CONSTRAINT `detalle_pedido_ibfk_2` FOREIGN KEY (`productoid`) REFERENCES `producto` (`idproducto`) ON DELETE CASCADE ON UPDATE CASCADE;

--
-- Filtros para la tabla `detalle_temp`
--
ALTER TABLE `detalle_temp`
  ADD CONSTRAINT `detalle_temp_ibfk_1` FOREIGN KEY (`productoid`) REFERENCES `producto` (`idproducto`) ON DELETE CASCADE ON UPDATE CASCADE;

--
-- Filtros para la tabla `imagen`
--
ALTER TABLE `imagen`
  ADD CONSTRAINT `imagen_ibfk_1` FOREIGN KEY (`productoid`) REFERENCES `producto` (`idproducto`) ON DELETE CASCADE ON UPDATE CASCADE;

--
-- Filtros para la tabla `pedido`
--
ALTER TABLE `pedido`
  ADD CONSTRAINT `pedido_ibfk_1` FOREIGN KEY (`personaid`) REFERENCES `persona` (`idpersona`) ON DELETE CASCADE ON UPDATE CASCADE,
  ADD CONSTRAINT `pedido_ibfk_2` FOREIGN KEY (`tipopagoid`) REFERENCES `tipopago` (`idtipopago`) ON DELETE CASCADE ON UPDATE CASCADE;

--
-- Filtros para la tabla `permisos`
--
ALTER TABLE `permisos`
  ADD CONSTRAINT `permisos_ibfk_1` FOREIGN KEY (`rolid`) REFERENCES `rol` (`idrol`) ON DELETE CASCADE ON UPDATE CASCADE,
  ADD CONSTRAINT `permisos_ibfk_2` FOREIGN KEY (`moduloid`) REFERENCES `modulo` (`idmodulo`) ON DELETE CASCADE ON UPDATE CASCADE;

--
-- Filtros para la tabla `persona`
--
ALTER TABLE `persona`
  ADD CONSTRAINT `persona_ibfk_1` FOREIGN KEY (`rolid`) REFERENCES `rol` (`idrol`) ON DELETE CASCADE ON UPDATE CASCADE;

--
-- Filtros para la tabla `producto`
--
ALTER TABLE `producto`
  ADD CONSTRAINT `producto_ibfk_1` FOREIGN KEY (`categoriaid`) REFERENCES `categoria` (`idcategoria`) ON DELETE CASCADE ON UPDATE CASCADE;
COMMIT;

/*!40101 SET CHARACTER_SET_CLIENT=@OLD_CHARACTER_SET_CLIENT */;
/*!40101 SET CHARACTER_SET_RESULTS=@OLD_CHARACTER_SET_RESULTS */;
/*!40101 SET COLLATION_CONNECTION=@OLD_COLLATION_CONNECTION */;
